id,comment,pub
사부작대는비단털쥐,"뭔가,... 내향형 김이나작사가님 같은 느낌이... 세상 초탈한듯한 분위기랑 맡은 일 완벽하게 잘할 것 같은 느낌이 비슷한데 거기에 +집가고싶은 생각이 머리 뒤통수에 계속 맴돌고있는듯한 분위기가 추가된거같음....",민음사
Ssari Flamingo,디자이너분 진짜 일 잘하시고 사회생활에 찌들어서 선을 잘 긋고 딱 부러진 느낌이 나요. 업에 최선을 다하고 결과물을 잘 나오게 하려고 효율적으로 일하실 거 같음.. 컨펌이나 피드백이 불확실하면 강단있어지고 효율적이고 확실하게 하고자 하는...,민음사
AUF,민음사 책 좋아하는 이유 중 하나가 이 분께 있었네...그런데 그게 사심과 자기 확신에서 오는 것이었다니 넘나 멋짐 더 반함,민음사
Cate Blanchett,"천재디자이너님 너무 솜방망이 같으세요.. 무른 듯 물러 보이지만 맞으면 너무 아파요,,, 괜히 한 소리 더 듣고 싶어서 치대게 되는 스타일,,",민음사
sy park,보다보니까 저작권팀에서도 한분 나오셔야하실것같아욥...궁금하네요...,민음사
mingunchicken,13:58 이 부분 완전 공감; 안쪽 여백 많은 책이 많아졌으면 좋겠어요,민음사
Uncle Lee,"[속보] 전설의 민음사 천재 디자이너, 드디어 실존 인물로 밝혀져!",민음사
김창선,"""사심이 나의 원동력""",민음사
Little Song,"저는 다른분야의 디자인을 전공한 졸업생이에요. 그래서 그런지 정말 공감가고 저에게 임파워링 되는 부분도 많았던 인터뷰같아요. 학교를 다니면서 느꼈는데 자신의 디자인이 왜 이런 디자인이어야하는지 설득하는 일은 디자이너가 자기 디자인에 애착, 확신이 있지않고서는 힘든일이라고 느꼈는데, 최지은 디자이너님은 자신의 디자인에 대해 그런 확신과 애착을 가지고 계신게 멋져보였습니다. 그러면서 '나는 내 디자인에 확신이 있을까?'라고 다시 생각하게 되었습니다. 디자인에는 디자인의 타당성과 의의가 정말 중요하다는 것도 와닿았어요. 그게 없다면 설득시켜야할 분이 왜? 라고 물었을때 대답을 못하거든요...(주로 교수님이 그렇게 물어보셨었죠....ㅎㅎ) 최지은 디자이너님의 대중성을 생각하면서도 디자이너 자신의 색을 입히는 과정도 인상깊었습니다. 사실 더 많이 말하고 싶은데 이미 긴것 같아서 그만 써야겠어용....항상 민음사의 책은 어떻게 이렇게 예쁜지 궁금했는데 역시 천재디자이너님의 손을 거치면서 더 그렇게 된거였군요...! 
이번 에피소드를 통해서 제가 디자인을 왜 하고 싶어했는지에 대해서 다시 생각하게 됐습니다.
기현님, 화진님, 천재디자이너님 모두 감사해요! 좋은 책과 좋은 영상 앞으로도 기대할게요!",민음사
마음마음박,역시 이 영상 편집하시는 분 센스가 탁월. 하네요. 비지엠이며 적당한 자막. 흰 배경에 적절한 콘셉트. 짱.,민음사
한조충,가장 개인적인 것이 가장 창의적인 것이다...딱이네요.,민음사
OO JJ,"저렇게 디자인 하면 진짜 자부심 뿜뿜 생길 것 같다. 내가 맡은 클라이언트들은 비싸다는 이유만으로 양장 포기... 박 포기... 그래도 저렇게 하는게 느낌이 좋다고 설득하면 하는말이 ""그럼  같은 가격에 그것들 다 해주세요!"" 아놔...",민음사
SJ Agnès Lee,조곤조곤 할말은 딱 부러지게 하시는게 역시 천재디자이너는 다르시군요😮,민음사
롸?,다른 부서랑 인터뷰하는 거 너무 좋아요 출판사 비하인드도 자연스럽게 알 수 있고 찐으로 다른 부서한테 궁금한 거 물어보기도 하고 ㅋㅋㅋ,민음사
올리비아월세,보건교사 안은영 들고 동네 마트 갔는데 계산원 아주머니가 책 참 예쁘다고ㅋㅋㅋㅋ무슨 책이냐고 물어보셨던 기억.. ㅎㅎㅎ,민음사
추자,와 진짜 최지은 디자이너님 천재 맞으시네요...ㅠㅠㅠ 제가 좋아하는 표지가 한가득 ㅜㅜㅜㅜ 특히 딸에 대하여 ㅠㅠㅠ 흑흑 최고... 각양장 최고...,민음사
Daheesy다희지,"천재디자이너님은,,,슬리퍼 까지 남다르군여 ㅠ 배우고 갑니다,,",민음사
victorychoe,"민음사 세로로 긴 책 읽을때마다 정말 제 책 취향을 간파당했다는 느낌을 받았어요,, 너무 스마트폰 같고 빨리 훅훅 읽는 느낌 너무 좋아요!!",민음사
123 321,아니 이분들 패션을 민음사 네임컬러로 일부러 맞추신거에요???,민음사
망고샴푸,참을 수 없는 존재의 가벼움 특별판 서점에서 책 표지가 맘에 들어 사서 읽어봤어요. 이 책 표지 디자인을 어떤 생각을 가지고 디자인했는지 궁금했는데 유튜브 알고리즘이 저를 이곳으로 이끌었네요~̆̈~̆̈~̆̈~̆̈,민음사
Dani Kim,인터뷰하시는 편집자님들 말투랑 목소리랑 다 너무너무 좋아요ㅎㅎ 진정으로 문학을 사랑하고 책을 애정하는 마음이 물씬느껴지는 말투와 느껴지는 사랑! 친구들하고 얘기하는 느낌도 들고 어렵다고 생각되는 문학이나 책에 대한 재밌는 정보들을 낮은 진입장벽으로 만날수 있는데 너무 큰 도움이 되는게 우리 편집자님들 말투와 목소리ㅜㅜ 너무 감사해용ㅎㅎㅎ 앞으로도 잘 부탁드림니당❤️,민음사
Em Riu,"천재드자이너님은 은혜로우시다!!
텍스트에 익숙하지 않은 입장까지 고려해서 작업해주신 덕분에 잘 읽어나갈 수 있게 되었어요^^ 작년부터 독서에 힘쓰고 있는데 단연코 민음사 한국문학 시리즈는 내용도 내용이지만 가독성과 휴대성에서 제일이었답니다!! 앞으로도 사심 가득담아 만들어주시면 열심히 사서 읽을게요~",민음사
강철근,천재 디자이너편 기다리고 있었습니다...... 오늘 제대로 모시겠습니다.........,민음사
뚜비뚜밥,"목소리 진짜 엄청 조곤조곤하시네요. asmr로 듣고 싶은 목소리에요!
새 판형 너무너무 좋아요. 각양장이 좋기는한데 사실 보관하다 보면 잘못떨구면 우그러지고 이런 실수가 생기다 보니 책은 더 조심히 다루게 되고 주객전도가 많이 되더라고요.",민음사
Minyeong Photo&Video,민음사 책 애독자로서 안쪽여백 넓은 거 정말 정말 좋아요 🙌🏻❣️,민음사
카페는홈카페다,"사심이 원동력이라니 너무너무 환상적이네요ㅠㅠ 어쩐지 정말 디자인이... 제 사심을 자극하더라구요. 나는 이것을 가지고 싶다...! 이것은 너무나 사랑받을만한 디자인이다..! 라는게 보자마자 느껴져요. 좋아하는 작가, 좋아하는 작품이라는 이유로 슬쩍 주변을 맴돌다가 소장각이 뚜렷하게 선 디자인에 설득당해서 구매한 적이 한두번에 아니예요ㅎㅎ 민음사 천재 디자이너님 영상으로나마 만날 수 있어서 너무 좋았습니다..♥️ 그리고 민음사 유튜브 말인데요.. 넘 잘 꾸리시는거 같아요ㅠㅠ 현실적으로 왜 내가 유튜브까지 나와야하지..?하는 고민이 없진 않으실텐데 그럼에도 불구하고 완전 프로같은 모습 멋지십니다ㅎㅎ",민음사
엉덩,두분 패트와 매트같아요 너무 큐티뽀짝-✨,민음사
아영JOEY,"너무 큰 울림이었어요. 너무 멋있는 디자이너님을 민음사가 모시고 있었군요. 일하다가 잃은 것 같은 기분일 때 다시 와서 최지은 디자이너님의 15:01 자신만의 기준 파트, 다시 볼 것 같아요.",민음사
YEONSU YU,12:53 찡긋ㅋㅋㅋㅋ 천재디자이너님의 매력 제스쳐,민음사
Little Song,천재디자이너님.....너모너모 기다렸다구요.......,민음사
두부진쯔맛있닿,멋있으세요... 영상 오디오가 천천히 돌아가는 테잎 같은데 그 속에서 쏟아지는 얘기들이 끝도 없는 것 같아요 늘 웃음과 재미만 넘치는 영상들만 보다가 이렇게 잔잔한 서적같은 영상을 보니 기분이 색다르네요,민음사
두유짜이,"나와주셔서 정말 감사합니다.. 천재 디자이너님의 사심과 취향, 안목뿐 아니라.. 협업과정에서 필요한 소통과 설득 기술까지.. 넘 멋져요!",민음사
dailygabie일상가비,천재디자이너님은 카리스마도 있네요 ㅎㄷ,민음사
버버버,너무 기다렸던 컨텐츠입니다. 디자인 전공했고 책도 좋아하는데 항상 민음사 책 디자인보면서 감탄을 안할수 없더라고요..! 실무관련 비하인드 스토리도 너무 좋고 또 디자인관련 컨텐츠 올라오길 기다리겠습니다!!,민음사
소소한이야기,미술부 회의나 작업이 어떻게 되는지도 찍어주세요 ㅜㅜㅜ 너무ㅜ 재밌게 봤너요!!,민음사
ᄌᄃᄆ,그렇죠 업무 외 작업 하는게 싫긴 하죠ㅋㅋㅋ 저도 싫어해요ㅋㅋㅋㅋㅋㅋ,민음사
롸?,칼비노 전집을 민음사 유튜브로 처음 알고 이번영상에사 차음봤는데 진짜 전집 너무 이쁘네요..소장욕구 절로 나는 디자인...기현님이 왜 칼비노하시는지 알것 같아요,민음사
용용용,헐... 이 많은 예쁜 책을 한 분이 하셨다니.. 천재야모야 ㅠㅠ,민음사
정현,제가 민음사 책만 찾은 이유중 가장 큰 부분이 작가님 덕분이었네요 제 사심은 작가님 책 디자인 소유입니다...,민음사
두부진쯔맛있닿,민음사만의 느낌이 너무 좋은데 그게 디자이너 분의 노력이었구나... 너무 최고,민음사
김유정,최지은 디자이너님의 새로운 별명 납득이!! 오늘의 젊은 작가 시리즈로 늘 새로운 문학 작가와 현대 미술 작가를 동시에 알게되서 좋아요 ><,민음사
김영은,와 진짜 이번 인터뷰 너무 좋아요 너무 너무.. 너무 좋다 그냥 ................영상보면서 행복했어요...  디자이너님 너무 좋다...,민음사
원더키디,12:53 찡긋 100 번 돌려봅니다,민음사
wani kim,"사심가득 한 천재디자이너를 멋지게 인터뷰해 준 사심없는 화진, 기현님 수고 많았습니다. 즐거운 금요일 저녁을 보냈습니다. 제 인생에서 가장 완벽한 17분 42초였습니다.",민음사
행복공장,천재디자이너님 완전 매력적이신 분이시네요 ㅎㅎㅎㅎ,민음사
ariiisongs,"베일에 쌓여있던 천재 디자이너님을 드디어!! 민음사 유튜브 보기 전에는 책을 만드는데  작가님 말고도 이렇게 여러사람들의 노력이 들어간다는 걸 몰랐는데, 이렇게 하나하나 이야기를 들으니 너무 재밌어요! 디자이너님도 편집자님도 마케팅부서 분들도 너무 멋집니다~ 늘 좋은 영상 감사합니다!",민음사
Jae C,너무 멋있다.... 감탄의 들숨..,민음사
취향수집,17분 시간 정말 순삭이었어요 ! 편하게 슬리퍼 신고 오셔서 이야기 하시는 것도 너무 멋지고 .. 그리고 기현 편집자님 양말이 짝짝인가 아닌가 그게 너무 시선강탈이었어요 ...ㅎ,민음사
참치회,천재디자이넝ㅁ님의 나는 나만의 길을 간다 너무 조아욬ㅋㅋㅋㅋㅋ,민음사
수련살롱,어쩔 거야.................... 너무 좋아...........,민음사
Jiminy Cricket,드디어 천재디자이너님이 ㅋㅋㅋㅋ 잘보겠습니다 꺄앋,민음사
Sushi Song,웬만한 유튜브 채널보다 재밌다며.... 정주행 어쩔거야... ㅜㅜㅜ 최고입니다,민음사
Joohee Son,디자이너님...감사합니다...감사합니다...,민음사
C won,이번 영상 왤케 재밌죠?? 평소 디자인에 관심이 꽤 있는 편이어서 영상 정말 너무 재밌게 봤어요ㅋㅋㅋ 천재 디자이너님 매력이 장난 아니시네요,민음사
필름88,0:45  무한도전 행쇼에ㅋㅋㅋㅋ감탄사 전문 MC 느낌이었어요 한 박자 느리게 같이 말할 때 있거든요ㅋㅋㅋㅋㅋㅋ,민음사
정말,출판사 뒷이야기도 흥미롭고 영상 편집자도 열일하시는듯 귀엽고 유익한 콘텐츠👏,민음사
빠람빠람,"저...이 동영상 보고 장래희망이 정해졌어요! 글도 좋아하는데 그림도 좋아해서 원래 애니메이터가 꿈이었는데, 점점 뭔가 저와 안맞는거 같고, 과연 취업이 잘 될지도 걱정이 되고 해서 진로가 많이 변경됐었어요. 막 영화감독이었다가 방송작가였다가...근데 역시 지금껏 해온 입시미술이 아깝더라구요...근데 미술 쪽으로만 아예 확 가기에는 딱히 정해진 꿈도 없는데 어떡하지 했었는데 이 동영상을 보고 아, 이거다 싶었어요. 제가 딱 하고 싶은 일이에요ㅠㅠㅠ 저에게 꿈을 찾아주신 민음사 정말 감사드립니다...ㅜㅜ 나중에 북디자이너가 된다면 민음사에서 꼭 일을 맡고 싶네요!",민음사
Dear Cactus,천재 디자이너님... 괜히 별칭이 천재가 아니네요 😂 너무나 멋진 분... 💕,민음사
우유,안쪽 여백 아이디어 누구신지 넘 감사했는데.....역시 천재는 남다르다~~!!! 본인의 의견 확고하게 밀어나갈 줄 아는 천재...감사합니다....♡,민음사
Dani Kim,ㅊㅈㄷㅈㅇㄴ님 삼선슬리퍼 넘나친근ㅋㅋㅋㅋㅋㅋㅋㅋㅋ,민음사
치와와,참을 수 없는 존재의 가벼움 저 분이 디자인 한 거구나 너무 좋았어요,민음사
NEWMIRAN뉴미란,누가 천재디자이너님 아니랄까봐... 슬리퍼까지 브랜드 컬러로💚뿌리깊고 뚝심있는 디자인 철학과 자신의 디자인을 다른 팀들에게 설득할 수 있는 능력까지! 많이 배우고 갑니다!,민음사
박단호,민음사 세로로 긴 책들 너무 좋아요... 서점에서 여우의 빛 책등보고 반했던 순간이 생생해요 ㅠㅠㅠ,민음사
마릴린멜로,방송 센스도 천재 ㅋㅋㅋㅋㅋㅋㅋㅋ,민음사
비비안북스 Vivianbooks,각잡힌 각양장.. 현대 작가들의 작품... 세로 판형의 한국문학 시리즈 다 취향저격 탕탕 ㅠㅠ ♥,민음사
Sojeong Yang,디자이너님 너무 멋있으세요! 저 일에 대한 애정과 중간중간 느껴지는 퇴근을 향한 마음.... 저런 멋진 사람이 되고 싶어요ㅋㅋㅋㅋㅋㅋㅋㅋ,민음사
dd dd,초록 티셔츠+핑크 가디건+연두 삼색쓰레빠의 조화가 아름답다💚,민음사
club mild high,"천재디자이너님 너무 기다렸습니다,,",민음사
아프리카청춘이다,역시 천재들은 다르다..,민음사
se ca,"기현님 화진님 케미 너무 좋아요,, 오래오래 유튜브 해주셨으면 하는 바램입니다 ㅠㅠ",민음사
MINI LOG,"다들 캐릭터가 뚜렷해요,,, 넘 재밌고 대단쓰,,,",민음사
해밀,"민음사tv 항상 잘보고 있습니다. 오늘은 북디자이너님까지 나오셔서 책 관련 비하인드를 듣게 되어 더 재미있게 봤습니다. 조곤조곤 설명하시는 모습 인상깊네요. 항상 열일하시는 기현, 화진 편집자님 덕분에 재미있고 즐겁게 보고 있습니다. 화이팅하세요",민음사
싸우는뚱뚱이,칼비노 전집 디자인해주신 천재디자이너님 그리고 칼비노를 알려주신 정어리님 넘 감사요~,민음사
Silent Ami,조곤조곤 이야기 하시는데 너무 재밌어요 무지개박 진짜 예뻐서 가끔 꺼내볼 때마다 기분 좋아요!,민음사
방남 バンナン,현재 북디자이너를 꿈꾸는 학생입니다. 평소 북디자이너의 이야기를 주변에서 듣기 어려운데 민음사tv를 통해 좋은 디자이너분의 이야기를 들을 수 있었어요. 좋은 영상 감사합니다! 항상 잘 보고있어요!,민음사
결씨표류기,"당신이군요,,, 내 지갑 털어간 도둑
서점에서 표지 예뻐서 집어들면 죄다 민음사
책임지세여 내 텅장",민음사
밀크티,천재 디자이너님 말하시는 거 듣는 게 왠지 좋네요,민음사
Jin Kim,어머... 대유잼..! 디자인 너무 예쁘네요 전집 사러갑니다,민음사
갸악,저도 소장하고 싶어서 젊은 작가 시리즈 다 사버렸어요ㅎㅎ 너무 너무 좋아합니다 표지 엽서도 같이 주는 이벤트 했을때 언젠간 관련 굿즈가 나오면 좋겠다고 생각 했는데 너무 행복했습니다 민음사 짱💚,민음사
huijee hoong,넘 예쁘다 했던 민음사 책이 다 여기 있네여 ^0^ 두 분 착장이 살짝 슈퍼마리오 생각나네여 귀여우셔~,민음사
그믐,오늘의 젊은작가 시리즈 거의다 소장하고 있는데 이것을 디자인하신 최지은 디자이너님을 뵐 수 있을 줄이야ㅠㅠㅠ 책 내용뿐만 아니라 소장가치가 있는 책을 자신만의 언어로 디자인해주셔서 감사드립니다! 덕분에 책 읽는 게 너무 즐거워졌어요 💜,민음사
지리산페레로,"추천에 떠서 봤는데 너무 재밌어요! 저도 자주 봤던 책 표지인데, 어떻게 작업하셨는지 알게되어서 감명깊어요. 이런 기회가 흔하지 않은데ㅋㅋㅋ",민음사
혜빈,저는 시리즈인데 한번에 한권씩 나오는 책들이 너무 좋아요. 책을 한권 한권 보면 그 속에서 색이나 그림이 모두 달라서 단권 같아 보이는데 그 책들을 모아두면 시리즈가 된다는 것이 너무 신기하거든요. 그리고 그런 시리즈의 책 중 한권을 정말 정말 재미있게 읽고 나면 다른 책들도 당연히 좋을 거라는 인상을 주는 것도 좋구요.  디자이너분 이야기까지 듣고 나니 책 한권이 저에게 오려면 정말 많은 분들의 애정과 노력과 시간이 든다는걸 더 크게 느끼게 되네요. 오늘도 좋은 영상 감사합니다! 코로나 조심하시고 언제나 행복하세요!,민음사
30대보통녀,민음사 회사 분위기 좋은 것 같아요♡,민음사
book4oto,진짜 민음사만 나오는 티비가 있었으면 좋겠어요. 오늘도 재밌었어요!,민음사
쇠똥구리똥맛초콜렛,스포네욬ㅋㅋㅋㅋㅋㅋㅋㅋㅋㅋ,민음사
이진우,오늘 최고다,민음사
나비는바다겡서,밥먹을때마다 보는 영상 무도와 함께 좋아요 눌러져있는 영상 디자이너분 목소리가 소화제같아 넘 좋은 영상,민음사
Irene K,"혹시 그...요시모토 바나나 매일이, 여행 디자인도 최지은 디자이너님이 하셨나요?? 보고 아 이건 다르다 하고 보자마자 일단 샀거든요. 너무 예쁘고...결과적으로 내용도 마음에 들어서 정말 소장하는 보람이 있어서, 두고두고 이 책 디자인한건 누구일까? 생각이 났어요. 한국신인작가 시리즈도 그렇구요.",민음사
rosehip,12:33 아 일하는 모습 너무 멋있다......너무 멋있어.........,민음사
yj s,"비하인드 영상은 없나요? ㅎㅎㅎ 
이게 17분 영상이었다니 7분처럼느껴졌는데 진심",민음사
1살 동생,드디어!,민음사
북미르,천재 천재!,민음사
rosehip,너무 좋다...........민음사 채널 너무 좋다.......,민음사
카뮈,ㅋㅋㅋㅋㅋㅋ 앉은 키  물리적(?) 편집ㅋㅋㅋㅋ,민음사
김,디자이너님 목소리가 너무 좋아요ㅠㅠ 자주 나오시면 좋겠어요,민음사
여름,책 디자인 하나하나의 요소에 천재 디자이너님의 사심이 담겨있었네요! 이제 책 고를 때 색감이나 여백도 보게 될 거 같아요🙌,민음사
은정이야,슬리퍼 신고 나오심 ㅋㅋ,민음사
코코코카콜라,"....천재디자이너님..본인만의 신념을 가지고 일하시는거 같아서 너모 멋있어요...🥰
저도 열심히 해서 디자이너님처럼 자신감있는 직업인이 되고싶어요!",민음사
케일Kail_clark,아 진짜 디자이너님 너무 좋아요 한 10번 넘게 보고 있는 거 같아욬ㅋㅋㅋㅋㅋㅋㅋㅋㅋㅋㅋ,민음사
알찬영상,금요일마다 한편씩 기다리는 게 너무 힘들어요ㅜㅜ 일주일에 2편은 너무 욕심이겠죠😭 잘 보고 있습니다~,민음사
보나_자취요리 미대생,사심이 나의 원동력이라는 말이 참 멋지네요! 표지 뒷면의 색지는 제가 책 고를때 꼭 보는 곳인데 깜짝 놀랐습니다 🥰,민음사
ETERNITY,정보란에 금요일 업로드로 바꾸셔야 할 것 같아요(소곤소곤) 오늘도 잘 보고 가요!,민음사
쥬쥬,새로운 세상 이야기예요. 편집자님들은 깐깐하실 줄 알았는데 귀여우시고 유튜브도 하시고... ㅋㅋ 비룡소 구경하러 가서 알게 된 턴배님들이 읽는 책 출판사 이야기 들으니 재미있어요. 이 와중에 천재디자이너님 카디건과 윗옷의 색감과 배색 감탄?중 ㅋㅋ 은근 슬리퍼 깔맞춤;; ㅋㅋㅋ,민음사
JackJack,"손이 작은지라 <가만한 나날> 처음 읽었을 때 손맛(?)을 잊지 못해요 ㅠㅠ 세로로 길어서 금방 읽기 좋고, 출퇴근 길에 한 손으로 잡고 쇽쇽 넘길 수 있어서 얼마나 좋았는지 몰라요. 책도 가볍고 작아서 어디든 쏙 들어가고요, 안쪽 여백이 많아서 글 읽을 때 진짜 편해서 좋았어요.  글도 좋았지만 판형과 여백이 정말 마음에 들어서 더 좋았던 책이에요. 은인이 요기 나오셨네요. 정말 감사합니다:)",민음사
꿀호떡,헣 컨셉 꼬마탐정인줄 ㅋㅋㅌㅌㅌㅌ,민음사
Sol Park,이런 컨텐츠 진짜 너무 좋아요... 오랜만에 행복한 미디어 소비 어쩌구..,민음사
십억뷰,우아앙 ㅠㅠㅠ 멋져요,민음사
Lily K,0:31 어서오세요 스타벅스입니다~,민음사
나비는바다겡서,최지은 디자이너님 영상에 많이 나오셨으면 좋겠어요.. 부탁드려요!! 😊😊,민음사
연,와ㅠㅠㅠ 드디어 천재 디자이너님!! 언제 나와주실까 오매불망 기다리고 있었는데ㅠㅠ 역시 너무 매력 있고 멋있으세요 목소리도 좋으시고...!(소곤) 북디자인 비하인드 항상 궁금했었는데 이렇게 영상 만들어주셔서 감사해요... 민음사... ♡,민음사
김서영,이번편 너무 좋았네요!,민음사
ᄋᄋ,멋있어요,민음사
victoria Park,"와,, 진짜 참을 수 없는 존재의 가벼움 책 표지만으로 살 뻔 했는데 이분께서 만드셨구나. 대단합니다👍",민음사
이수민,너무 재밌어요~,민음사
은수,진짜.. 민음사  티비 사랑해요 😭💕,민음사
엉엉,ㅠㅡㅠㅡㅠㅡㅠㅜㅜㅜㅠㅠ시즌 투 언제 시작하나요ㅠㅠㅠㅠㅠㅠㅠㅠㅠㅠㅠㅠㅠㅠㅠㅠㅠㅠㅠ하도 돌려봐서 ㅠㅠㅠㅠㅠㅠㅠㅠ스크립트도 쓸 수 있을 거 같아용 ㅠㅠㅠㅠㅠㅠㅠㅠㅠㅠㅠㅠㅠ,민음사
Yn C,"아,,, 너무 재밌어요 열심히 벌어서 책 열심히 사겠습니다^^77777",민음사
383,어억ㅠㅜㅜㅜ 업무 얘기 살떨려ㅋㅋㅋ 근데 전 제3자라 그런가 재밌네요ㅋㅋ,민음사
HJ K,이 영상 보고 칼비노 책 샀읍니다... 너모 이뻐요,민음사
김민섭,"흐어 참존가 표지 너무 예뻐요,,",민음사
T Applep,정말 디자이너의 표본이시네요. 미와 실용성 모든 면에서 훌륭한 책들인 것 같네요.,민음사
ZIHAEH지햏,미대생 편집자님들 넘 기여워요 ㅠㅠ,민음사
tlstpah,시크해.... 멋있어..♡,민음사
hey _,Do judge a book by it's cover 😉,민음사
어니언,카레닌 ㅠㅠ 영화에서랑 많이 틀리게 생겼지만 너무 귀엽쟈나 ㅠㅠ 쿤데라님이 직접 그린지는 몰랐네요!!,민음사
무병장수가 꿈,저작권부서에서도 인터뷰 나오셨으면 좋겠어요! 직접 실무자의 이야기를 들을 수 있어서 정말 잘 봤습니다!!,민음사
Sushi Song,웬만한 유튜브 채널보다 재밌다며.... 정주행 어쩔거야... ㅜㅜㅜ 최고입니다,민음사
당신의 에디터,우유 급식 ㅋㅋㅋㅋ 재밌게 보고 갑니다. ^^,민음사
Sushi Song,웬만한 유튜브 채널보다 재밌다며.... 정주행 어쩔거야... ㅜㅜㅜ 최고입니다,민음사
383,오늘의 젊은 작가 시리즈 다 너~~~~무 좋아요!!ㅠ 진심 천재 디자이너십니다👍,민음사
윤다현,너무 좋아요 ... 너무 너무,민음사
박개미,북디자인 궁금했는데 이렇게 알려주셔서 너무 좋아여 ㅠㅠ,민음사
캡튄,"오늘도 너무 즐거웠어요. 책 텍스트뿐만 아니라 책 자체를 좋아하는 저에게는 최고의 유튜브 채널인 것 같아요! 디자이너의 얘기를 들을 수 있어서 즐거웠습니다. 한국 시리즈도 그렇고 민음사에서 출판한 책의 디자인은 하나같이 독특하고 예쁘다고 생각했는데, 이런 비하인드 스토리가 있었네요! 최지은 디자이너님의 철학이 너무 멋지신 것 같습니다. 그런 사심 덕에 저도 민음사의 책을 더 곁에 두고 싶어지는 것 같아요. 민음사의 색깔을 만들고 있단 얘기를 듣고 아...! 하며 이해해버렸습니다ㅋㅋㅋㅋ 저도 각양장을 좋아하는데 취향이 맞아서 기쁘네욥..❤",민음사
강소니,북디자인 너무 머싯어요ㅠㅠ,민음사
June Bang,최지은 디자이너님 팬입니다!! ^-^,민음사
TV Inês Coreana,전집 사고싶어지네요. 디자이너님 너무 멋있어요 사심이 원동력 나라는 채널 ㅠㅠㅠㅠㅠㅠ 감동받고가요💕💕💕💕💕,민음사
NAHYUN,이분은 진짜 괜히 천재북디자이너가 아니시구나..,민음사
치즈김밥,새롭게 나온 좁고 긴 판형 정말 좋아합니다ㅠㅠ!!!! 읽기 편하고 한 손으로 들고 읽어도 전혀 부담이 없더라구요! 멋진 글을 멋지게 작업해주시는 디자이너님 편집자님들 모두 감사합니다!!,민음사
boy golden,너무 좋아용 ><,민음사
뀨뀨,새 판형이 훨씬 좋아요 천재 디자이너님 최고시네요,민음사
늉늉쥬,부쿠서점도 가주세여 큐레이션서점인데 정말 좋았어요❤️편집자님들도 좋아하실것같아요,민음사
너만좋음됐다,너무좋은영상,민음사
Junghye Ahn,"반했어요 천재 디자이너님! 예쁜책, 소장하고싶은책!!! 감사해요~",민음사
몬치치,너 무 좋 아 요 ㅠ.... 부드러운 카리스마ㅓㅜㅜ,민음사
글섬,오늘의 영상도 알차고 즐겁네요♡ 그런데 저는 처음에 박의 의미를 잘 몰라서 이해가 안가기도 했는데 다음에는 저처럼 전문용어에 익숙치 않은 분들도 계실테니 짧게라도 설명 부탁드려요~~!! 민음사 책은 언제나 사랑입니다♡♡,민음사
우기,"지금 참을수없는 존재의 가벼움 예전 버전(?)으로 읽고 있는데, 카레닌 버전으로도 구매해야겠어요!",민음사
Jomzoo,마이웨이♥,민음사
yju lee,선생님 너무 멋져요,민음사
castune.,천재작가님의 슬리퍼는 역시!!! 삼선이네요 ㅋㅋ,민음사
검은발살쾡이,삼디다스 너무 킬포다..,민음사
you hey,ㅋㅋ,민음사
구고마,저 표지가 너무 예뻐서 책 살뻔했어요. 다시 보니까 사서 올걸 하고 아쉽네요ㅠ_ㅠ 다시 구매하러 가야 겠어요..,민음사
게으른기록자lazymyday,요즘 민음사TV는 제 낙입니다. 힐링이에요 ^_^디자인 작업을 하는 사람으로서 공감가는 부분도 있고재미도 있어서 시간이너무 빨리 지나가버렸어요 ㅋ의상도 너무 귀엽게 맞춰 입으셔서 웃으면서 봤어요 ㅋ,민음사
6,"저는 가만한 나날, 겨울방학 판형 새롭고 좋았어요 독자로서요! 세 분 모두 멋지세요 늘 응원합니다아 🥺🖤",민음사
Chaeyeon Son,헉 제가 좋아하는 책들한테 이런 비하인드가 있었다니... 넘 재밌어요 그리고 민음사 책들은 디자인이 너무 예뻐서 더 소장하고 싶은거 같아요 ㅋㅋ,민음사
tita can,"사심을 담아서 디자인하면 일에 애정이 생길수밖에 없겠다 
사실 모든 디자이너 혹은 예술가들의 꿈 아닐까?",민음사
이얏호,참을 수 없는 존재의 가벼움 디자인은 진짜 넘사벽..♥ 이건 사야돼..하면서 샀어요 ㅋㅋ 앞으로도 사심 가득 담은 예쁜 책들 많이 많이 만들어주세요!! :),민음사
Yy U,보건교사 안은영 표지도 참 좋았는데!! 감사합니다,민음사
디카취,스아실...참을 수 없는 존재의 가벼움 표지보고샀습니다ㅎㅎ,민음사
스윗랑이,두방문객 책표지 너무 느낌있어요 ㅎㅎ,민음사
채튜브 CHAETUBE,새로 바뀐 판형 너무 좋아요!! 글자 씹히는 거 저도 싫어했는데 한손으로 꺾어 잡을때도 좋고! 천재 디자이너님 최고최고!!,민음사
요나,왛.... 드디어..!!,민음사
윤주혜,제가 꿈에 그리는 사회인 상이에요 천재디자이너님의 인터뷰 덕에 민음사를 더 좋아하게 되었어요 💚,민음사
이솔희,민음사 책 내용도 내용대로 정말 좋지만 표지에 반해서 산 책도 여러권인데ㅠㅜㅜ 저한텐 종종 그 편집된 책 자체가 작품처럼 느껴져요!!!!,민음사
검은발살쾡이,맨 위 초록색 타이틀 서체 아시는 분?!,민음사
김은지 일반인 여자친구,가만한 나날 샀는데 너무 끊겨서 좋지는 않았음,민음사
miso son,"민음사tv 열일하시는 모습, 보기 좋아요. 어렸을 때 책을 너무 안읽은 제가 책에 관심이 생기면서 이것저것 챙겨보게 되었어요. 디자이너의 역할, 사심?? ㅎㅎ 등을 알고 또 책을 만드는 비하인드를 알게 되면서 책과 더 친밀해 지는 것 같습니다. 감사합니다. 저도 혼수로 세계문학전집을 생각해봐야겠어요 ㅎㅎ 수고하세요 :)",민음사
ᄋᄋ,디자이너님 생긴것부터 디자인 잘하게 생기셨어 ㅋㅋㅋㅋ,민음사
소작농Peasant,와... 판형 새로 짜신거... 너무 사려깊고 멋지네요,민음사
이소 SOSOtips,북커버 디자인 매번 궁금했고 흥미롭게 생각했던 분야인데 조금이나마 궁금증이 해소가 된 것 같아요! 디자이너님의 표지에 매료 되어서 참을 수 없는 존재의 가벼움 책을 발견하고 또 구매했던 적이 있습니다 🙏💕,민음사
물마시자,영상 보고 참을 수 없는 존재의 그리움 바로 구매했습니다.... 디자이너님 열일해주세요....,민음사
가영,"천재 디자이너님 편 보고 바로 참을 수 없는 존재으ㅣ 가벼움 바로 샀읍네다,,, 넘 멋집니다....",민음사
벨,고대하던 천재 디자이너님께서 드디어 나오셨네요!!!!,민음사
Chan,재밌네요,민음사
굥굥,보건교사 안은영 생각나서 다시 왔어요,민음사
백도,이분이었어...!,민음사
Jin Hee Yang,악악악 드디어 천재 디자이너께서 나오셨네요 정말 민음사tv 최고,민음사
체리자두멜론,제가 예쁘다고 생각했던 책들은 다 이 분 디자인이었네요..! 신기하네요🤭 이런 컨텐츠 너무 좋아요!!,민음사
박재욱,"http://minumsa.com/booklife/30665/
크루아상을 입에 문 카레닌  좀 그려주세요..제발",민음사
행복공장,천재디자이너님 mbti  infp 맞으신가요? 완전 그 성향 같은데요 ㅎㅎㅎㅎ 북디자인 매력적인 직업 같네요 ㅎㅎㅎ,민음사
지서,"참을 수 없는 존재의 가벼움 책 표지 보고 홀린 듯이 샀는데 욕시,,",민음사
DAHYE JEONG,드디어 천재 디자이너님 등장,민음사
유서하,와 저거 책 표지만 보고 샀는데 너무 이뻐서 읽으니까 너어무 어려워서 못읽는데 후회하진않아요 표지가 너무 이쁘니까..,민음사
Saebyeok Jeong,자신만의 확고한 방향이 있다는 게 참 멋있는 거 같아요. 오늘 영상도 잘봤습니다.😊,민음사
All cats're cute,저도 민음사의 각양장을 참 좋아해요! 책장을 처음 딱 넘겼을 때부터 무게감이 있어서요. 그리고 폭이 넓은 편이어서 읽을 때 마음이 편해요. 개인적으로는 폭이 좁은 형태의 책을 별로 안 좋아 하는데요...ㅎ 책을 넘겼는데도 다시 되돌아오는(?) 책장이어서요... 독자들이 책장을 빨리 넘기는 걸 좋아할 수도 있다고 생각하실 수도 있겠지만ㅠㅠ 폭이 좁은 책은 꼭 두 손으로 들고 읽어야해서 별로 선호하지 않아요 ㅠㅠ 독서대에 두고 읽기가 불편해서용... 그래도 다 그렇게 만든 이유가 있다고 하니 ㅎㅎ 전 그냥 사서 읽어야겠죠. 정사각형처럼 가로폭이 큰 책이 나오면 어떨까 조심스럽게 의견내봅니다.ㅎㅎ 민음사 저의 최애 출판사예요! 좋은 컨텐츠 감사합니당. XD,민음사
외모지상렬주의,근데 왜 천재 디자이너라고 하는건가요?? 그냥 궁금해서 묻는거에용 저분이 디자이너업계에서 유명하신 분인가요??,민음사
rosehip,너무.......멋있다............어흑........디자이너라는 직업......너무 멋있어.......,민음사
Cakey Cho,난 안 여백 많은 거 좋은 거 같아!,민음사
나으리,마인드가 너무 멋있네요 비록 다른분야에 있는직장인이지만 일하고있는 계기와 원동력이 무엇인지 다시한번 생각하게 되었어요 저런분이 내 상사고 동료고 후배면 너무 든든할거같아요,민음사
얌얌,오늘의 젊은 작가 정~~말 좋아요. 도서관에서 자꾸 눈이가서 빌리게됨,민음사
구고마,가로로 짧은 책의 새로운 패러다임이 이분에 의해서였군요....!,민음사
윰윰,참존가30주년 기념판 노트는 굿즈계의 역작....,민음사
J. Gill,자부심이 너무 강하셔서 다가가기 어려울듯.. 그래서 피드백 과정도 조심스러워지는게 아닐까,민음사
김민서,참을 수 없는 존재의 가벼움 디자인 하신분이 이분이구나 ㄷㄷ,민음사
Sarah Park,민음사가 무슨 뜻이 있나요?,민음사
이민주,"양장이라 더 소장하고 싶었는데 디자이너님께서 만들어주신 거였군요.....
책을 더 많이 읽을 수 있게 해주셔서 너무 감사합니다❤️",민음사
우주의_선율,변화를 두려워하는 사람들을 헤쳐나가는 디자이너님!!,민음사
S1441Y __,저런 디자이너가 되려면 어떻게 해야 하나요?,민음사
옞우,디자이너님 sns 알 수 있을까요?,민음사
제인,디자이너님 인스타 있으신가요 ?!,민음사
너의 청춘은 히밋해,헐 저 참을 수 없는 존재의 가벼움 저 책 서점에서 몇 번이고 보면서 계속 계속 반하고 감탄했던 표지예요!! 표지만 봐도 읽고 싶어져서 항상 읽겠다 읽겠다 하고 읽지는 못했지만..!!,민음사
귤라떼,"오늘의 젊은 작가 각양장은 정말 
처음 들어봤을때 예쁨에 한번 놀라고 가벼움에 한번놀라고 진짜 안살수가 없는 책....
이렇게 책이 가볍고 예쁠수가 있구나 생각하게 했던 책ㅋㅋㅋㅋㅋㅋㅋㅋㅋㅋ다사고말꺼얌",민음사
그림그리는 쥐쥐Gigi_art,"제가 다른 계정으로 1-2주 전쯤에 민음사티비를 알게되어서 매일매일 영상 다섯개씩 보고 있어요 ㅠㅠㅠㅠㅠ 이 영상으로 처음 알게 되었고, 그때는 아무도 모르니까 게스트인 ★천재디자이너님★께만 집중했었는데, 말줄임표 정주행했더니 기현 화진 두 편집자님들에게 크나큰 애정이 생겨서 이 영상의 등장부터 너무 귀엽고 사랑스러워욧 ♥",민음사
킴또끼,"와....전 처음 뵙는 분이다 생각했는데 영상에 나온책들을 제가 몇 권 소장하고 있었네요..특히 속지 얘기하실 때 나왔던 스위트 히어애프터?라는 책은 몇 년전에 오로지 표지 디자인이 예뻐서 이끌리듯 샀었습니다. (갠적으로 읽어보니 책 내용은 제 스타일이 아니라 다시 펼쳐본적은 없지만..) 아직도 책꽂이에 꽂혀있어요.. 책이 너무 예뻐서 소장한다는것 만으로도 기분 좋아지는 그런 책이었어요.
앞으로도 많이많이 오래오래 활동해주세요❤",민음사
Hailey,저 멍멍이 그려진 참존가 내용도 뭣도 모르고 사고싶어지게 만든 책이었어요!,민음사
Jin Koo,책 좋아하는 디자인 전공 학생으로써 이번 영상 너무 재밌게 봤어요 ㅎㅎ 참을 수 없는 존재의 가벼움 오로지 표지만 보고 너무 갖고 싶어서 산 책이었는데 최지은 디자이너님 작품이었군요. 북디자인 하면 커버만 생각했지 속지나 글 여백 같은 건 생각지도 못했네요. 저도 언젠가 북디자인 정말 해보고 싶어요. 너무 유익한 민음사TV! 이번 영상도 잘 보고 갑니다 :),민음사
-회피하지 않는 경은이,"북디자이너 꿈꾸는 학생을 위해 하는일,장단점, 능력 등등을  소개 해주시면 안될까요??",민음사
Jasmine Jo,저는 양장이 싫어요.. 읽을 때 무겁고 딱딱해서........ 미국책처럼  읽을 때 가볍게 만들어주었으면..... ㅜ,민음사
김마리,"보건교사 안은영 리커버 해주세요오오 소장각 나오게,,",민음사
J Soo P,김화진 정기현 편딥자님 인스타는 없나요????? 좀 알려주세요 ㅠㅠ 완전 팬이라고요 ㅠㅠ,민음사
해인,각양장을 너무너무 좋아하는 사람입니다 돈 생길 때마다 책 사는데 매번 도서관에서 읽으면 될 걸 왜 사나 싶다가도 소유하면 너무 행복해요ㅋㅋ민음사를 믿고 사는 이유에 책디자인이 큰데(물론 책 자체도 좋고 번역도 좋지만) 실제 디자이너분 인터뷰를 보니 행복하네요,민음사
a sum41,참을수없는 존재의 가벼움 저 에디션 동네에 자주가는 서점에서 볼때마다 너무 이쁘고 독특해서 주의깊게 봤던 책이에요 이렇게 보니까 더 새롭네요 사야겠습니다 당장 품겠읍니다...,민음사
박서빈,좁고 긴 판형을 봤을때 뭔가 트렌디하면서 책이 날씬한 느낌이라서 책을 읽지않고 봤을때는 정말 좋아하는데 그치만 읽으려고 펴보면 여백때문인지 평소랑 다른 느낌때문에 불안해지는것도 있어요 좋으면서 싫은느낌ㅋㅋ,민음사
Jeongal Kim,근데 업무 외 업무면 노동문제아닌가요,민음사
하하핳,"3:46 자막 오류!
원서는 원서자나요ㅠㅠ ㅡ> 원서는 영어자나요ㅠㅠ
로바꿔야할 것 같아욥,,",민음사
인위적위험,"천재 디자이너님!!!
제 스퇄이에요^^;;;;;",민음사
구둘기,정말 저 책은 디자인때문에 사려고 사려고 집었다 놧다 햇던 책입니다아❤️ 학교도서관에있길래 대여해서 결국 읽었지만요~~ ㅎㅎㅎ 민음사사랑해용 평생 함께가고싶은 출판사에오!! 저도 민음사에서 일하고싶어요 흑흑,민음사
쿄쿄쿄,디자이너님 INTJ...,민음사
서sophie,다들 아이같은 말투네요 책을 만들고 디자인 하시는 분들이라 순수함이 많아 그런가봐요,민음사
ᄋᄋ,말투가 버퍼링같이 너무 계속 자주 끊겨서 듣기 거슬려요,민음사
백냄일,"인터뷰 내용과 질문은 좋은데, 진행하시는 사회자분들이 좀 더 또박또박 말을 정확하게 해주셨으면. 회사에서 대표로 나와서 프로그램 만드시는 분들이신데, 너무 주저주저 어색 남리 문장을 제대로 끝내지 않고 말 끝을 흐리는 모습들이 고등학생들이 롤모델 인터뷰하는건가 싶은 분위기를 만들어요. 나이 대와 전문적임이 느껴질 수 있도록 어눌한 발음, 주저하는 말투, 확실하지 않은 끝맺음에 주의해주시면 감상하기 더 좋을것 같습니다.",민음사
Minhee Cho,작가님 저는 더 사랑해요 개인 유투브 방송도 해주시면 안될까요? ㅠㅠㅠㅠㅠㅠㅠㅠㅠㅠㅠㅠㅠㅠ,문학동네
김다크쇼쇼쇼,작가님 팟캐스트도 잊지 말아주세요...,문학동네
서진숙,김영하의 책 읽는 시간도 많이 그리워요~~~^^,문학동네
jeong calina,"작가님 방송이 은근히 힐링되네요. 목소리 톤도 좋고, 작가님의 아이디어가 재밌기도 해요. 계속 방송해 주시면 좋겠어요 ☺️ 문학동네에서는 이런 컨텐츠 계속 만들어 보실 생각 없나요?",문학동네
함초롱,"""한번의 여행이 한권의 책이된다...""
어머,맞아요",문학동네
Haedo해도,유투브 갑시다 작가님ㅋㅋ,문학동네
어헣허허헣,작가님의 차분한 내면이 목소리에서도 느껴져서 듣기에 편안한것 같습니다. 닮고 싶어요.,문학동네
yeoleo열어,"ㅠㅅ ㅠ 진짜 최애합니다....  전 아이돌 안좋아해요ㅠㅠㅠ
ㅠㅠㅠㅠㅠㅠㅠㅠ 여기서보다니 행복 ㅠㅠㅠㅠㅠㅠㅠㅠㅠ",문학동네
써니싸댕,"목소리만  들어도 좋은 1인.ㅋ
책 출간 축하드려요 작가님",문학동네
잔팬별빛하나,"''김영하''  이름만으로 신뢰가 되시는분!!

책도 멋지지만 삶 자체가 멋지고 닮고싶은 분!!!

바로 예약구매 들어갑니다!!!",문학동네
카카오페이지,작가님~~~  새책이 나오다닛~!!!  넘 좋습니당~~ ^^  심지어 여행 관련 책이라닛!!! 넘 궁금합니다~~ 동네서점용 표지 넘 예뻐요!!,문학동네
swoo nyeon kim,팟캐스트 복귀를 소망합니다ㅠ,문학동네
서진숙,김영하 작가의 여행법을 공유해서 참 좋으네요~~!!,문학동네
surger,선을 자연스럽게 쓰시는거 보고 놀랐습니다. 아주 좋은 그림들이네요. 책을 서둘러 사야 할 이유가 하나 더  생겼네요 ㄷㄱㄷㄱ,문학동네
jijus tgodi,"어머님의 기록이 참 소중하게 느껴집니다.
그 엄마의 그아들^^",문학동네
Juy P,작가님 진짜 깜짝 놀래서 들어왔어요 개인 방송 하시는줄알고!!! 예전부터 팟캐스트로 책 읽어주시는거 진짜 매일매일 들었는데ㅠㅠㅠ 개인방송으로 계속 책 읽어주시믄 안됄까여ㅜㅜㅜㅜㅜ원해요ㅜㅜㅜㅜ,문학동네
나는나야,와우~  김영하작가님 너무방갑습니다. 신간 목메이게 기다렸던 독자입니다. 두근두근 기대되요. 어여 만나보고 싶어요.,문학동네
조코딬,김영하 작가님 유투브 방송을 환영합니다^^,문학동네
태선영,"저도 색연필 있는데, 10가지 색이 있어요. 일단 그걸 다 쓰면 작가님처럼 많은 갯수가 있는 색연필 팔레뜨를 사려고 했는데... 저는 나비를 그렸거든요 그리다가 말았죠. ^^;;; 그리다가 말다. ㅠㅠ 그러면 혹시 개인책방에서 예약판매하는 책 표지를 작가님이 그리셨나요? 탭에 그린 그림들 멋져요. 그거 보다보니 표지도 디자인 한 거 아닐까싶네요.",문학동네
김정임,"책 (여행의 이유)사서 볼께요 ~^^
작가님 사인받고 싶습니다",문학동네
제주뜰,"김영하 작가님의 이야기를 듣는 동안엔 
김영하 작가님만의 향기를 느끼게 되서 너무 좋습니다.. 작가님만의 채널을 꼭 보고 싶습니다..제발요 ㅜ ㅜ",문학동네
홍희,작가님 저는 더 더 사랑해요. 목소리 좋으세요.,문학동네
Beautiful Jackson Hole,So glad to see you 🥰,문학동네
까까먹을끼야,여행 갈 땐 노트 준비...,문학동네
future2020 luck,"제가 좋아하는 김영하 작가님이 유투브를 시작하시다니..  와우!
목소리 듣는 것만으로도 감사한데 출연까지 하시니 그야말로 송구하네요.
열혈 시청자 될 것을 선언하며 승승장구를 기원합니다. 
가계부에 적혀있는 어머님의 글씨체와 항목이 정겹고 푸근합니다. 
영하 신발, 영하 옷.. 떠올리며 적으셨을 어머님의 마음이 연상되기도 하고요.. 
말씀 뿐 아니라 여러 영상 자료들 보여주시는 것, 풍요롭고 몹시 감성적이죠.
여러모로 작가님에게 감사드립니다.",문학동네
Kury Han,삶에서 자신의 필요욕구를 일찍이 알아챈 김영하 작가님의 탁월한 선택들... 남달랐던 과거의 시간들이 작가님의 비범과 평범의 갈림길이 되어주었겠죠?!,문학동네
한짱,교보문고 서울대점에서 책을 고르다 얼른 사서 단숨에 읽었어요. 놀라웠던 부분도 있었는데.. 여기서 만나니 놀라워서 글 남깁니다 ㅋ,문학동네
걷는 아줌마A working lady,"오늘 사서 까페에서 읽어봤어요~
너무 힐링되는 좋은 글이었네요
김영하 작가님 넘 멋있어요~~~",문학동네
유영지,제가  본 유튜브중 가장 격조있는....♡,문학동네
키스-해링,"전 기차나 비행기등 복도쪽 좌석을 좋아합니다.^^
창가는.. 좀 외롭(?)고 시선처리도 신경쓰이고 답답하기도 하고..
한쪽만 향한 고개로 뻐근한 목줄기까지..
이런, 웬  쓸데없는 소리인지 😂",문학동네
5다영,작가님 사랑해요,문학동네
A lchemist,"꿀목소리~~
행복합니당",문학동네
Pengclub,너무 꽉찬 책소개 아닙니까? 좀 일찍 봤어야하는데 예약판매는 놓쳐서 굿즈는 못받아 아쉽네요.,문학동네
장만월,"""여행의 이유"" 지금 곧 만나러 갑니다 고고고🤗  작가님 팬이예요~^^",문학동네
진,작가님 목소리에 비해 효과음이 너무 크네요ㅜㅜ,문학동네
니킬,글을 쓰는것이 보는것만이 아니라 정말로 오감을 사용하는거란걸 다시 한번 생각하게 하네요.새로운 책내셔서 넘 기다렸어요.,문학동네
유은송,아~~~ 목소리 어뜩해~~~ 진짜 멋져요.김영하 넘 좋앙~~~ 작가님 다시 뵙고싶어요^^,문학동네
박민정,헐. 그정도 색연필이면 미대생이 있는 수준이겠죠......저도 김영하의 책읽는 시간  너무너무 사랑했는데...유튜브에서라도 이어서 듣고 싶은 바람이 있네요^^,문학동네
LI NA,와!! 너무 반갑습니다. 책 읽는 시간 너무 좋아했었어요!,문학동네
Jeong Ah Kim,동네책방에디션으로 예약했어요. 덕분에 동네에 있었던 이쁜 책방도 발견하게 되었답니다 ^^,문학동네
임아트,오 유튜브에서 뵙다니!!! 너무 좋네요 ^^,문학동네
Jane Joo,"[여행의 이유 ]
넘 재밌게 읽었어요!",문학동네
산청월든,온라인 오프라아 다 예약했습니다^^  감사합니다^^,문학동네
선재,작가님 너무 그리웠어요,문학동네
모두응원해,ㅠㅠㅠ 여행의 이유 잘 읽고 있습니다!!! 지구별 여행객으로서 잘 반겨주고 떠나보내고 돌아갈게요 ㅎㅎ,문학동네
이수빈,김영하 작가님 너무좋아요ㅠㅠㅠㅠㅠㅠ,문학동네
푸른하늘,"이렇게 하나하나 들려주시고 보여주시니
작가님의 이야기가 훨씬 가깝게 느껴져서
정감있어요~
배우기도 하구요~
감사해요.",문학동네
차차차,김영하 작가님은 역시 그림보다는 글이 매력적인 걸로... ㅎㅎㅎㅎ,문학동네
박개인,코디도 좋네,문학동네
Claudia tv 끌라우디아 티비,작가님의 일러스트도 너무 좋아요 😃,문학동네
아직과이미,"목소리가 성시경급이십니당 ㅎㅎ
오늘 주문합니당~~",문학동네
xinxi씬씨,헉 영하쌤..어머니가 신발도 사주시고 옷도사주시고 넘뽀짝한 기억이네요. 그림도 넘 유치하고 귀여워요. 쌤 유튜브해주세요...,문학동네
E C,여행의 이유였군... ㅎ,문학동네
sangdo han,말 너무 예쁘게 하셔서 좋아요.,문학동네
Chan-Taek Park,"전립선이 아직 튼튼하신가봐요. 
저는 사십 넘으면서 화장실을 자주 가야하기 때문에 아무때나 가고 싶을때 갈수 있는 복도쪽을 선호하게 되었거든요. 
20-30대 때는 15시간 비행동안 화장실 한번 안가고 앉아 있었어도 됐는데 말이죠.",문학동네
daldal,"지난 몇 주 여태까지 경험하지 못한 무기력증에 허덕이다가 작가님의 영상을 보고 첫 줄을 적어보고 싶어졌어요 예판은 끝나서 굿즈?는 못받겠지만ㅜ 
하고 싶은 일을 일깨워주셔서 감사합니다!",문학동네
강과장,작가님 사랑해요,문학동네
윤샘다락방,소녀감성도 있으셨네요~~~~!!!,문학동네
S-M Nam,저랑 똑같아요 ㅋㅋㅋㅋ 여행노트,문학동네
봉산이21,김영하 작가님 너무 좋아요 :),문학동네
꿈꾸는 여행자 수둥이Dreaming Soo Twins,목소리 녹아요 ㅜㅜㅜㅜ,문학동네
s h,반가워여~~얼마전 배캠에서 듣고 꼭 읽어보려구 마음먹었어요~~여행을 항상 꿈꾸는 사람으로서 작가님 글이 궁금하네요~~~~~,문학동네
Yoojin,잘 들었습니다💛,문학동네
씨네썸TV,좋은 콘텐츠네요! 응원합니다^_^,문학동네
Triple Mango,책읽는 시간 너무 그리워요. 무한 반복하고있어요^^,문학동네
다감구름9,"정말 여행에서의 모든것을 다느끼시는 군요
부지런하신거같아요
저도 시도해보려구요",문학동네
GABRIELLA CHOI,"완젼 기다렸어요. 김영하님 목소리~~~
계속 오래오래 뵙고싶어요~~~~~",문학동네
바퀴달린 철학자 Rolling Philosopher,오래 전에 서교동의 한 현상소에서 작가님을 우연히 뵌 적이 있어요. 그때 제 필름북에 작가님 사인을 받았었죠. 건강한 모습으로 오래 좋은 글 써주시길 바랍니다.,문학동네
장명희,"목소리가  넘 좋으세요
편안한 목소리때문에  잠잘때 많이 듯습니다",문학동네
jijus tgodi,방송셋트 많이 준비하셨네요♡,문학동네
정아레나,"엇! 첫 유튜브 시작하셨군요?^^
팟캐스트 처음 하셨을때ᆢ팬이 되어 선생님 영상의 열혈 전파자가 됐었는데~잔잔한 음성의 낭독을 들으며 불면을 다스렸던ᆢ그 은혜를 떠올립니다",문학동네
마미쿠의 무한레시피,이정도 색연필없어여 ㅎ ㅎ,문학동네
drhanws,친구랑 얘기하는거 같아요😊,문학동네
yo vlogs,김영하 작가님 감사합니다.🍰🍈,문학동네
방지원,그림도 잘그리시네요ㅎㅎ 저두 여름에 청주에서 아코디언 연주하는 분이 잇어서 영상찍은적이 있는데 나중에 한번씩 틀어보면 여름느낌나요~ 큰 강을 가로지르는 기차같은 영상도 잼잇고,문학동네
Winezz,오늘 책 주문했는데 기대 중이에요😆,문학동네
Jung Nam Lee,너무 반갑습니다. 선생님의 자기해방의 글쓰기 강연 듣고 울었어요. 글을 쓰는 한 나는 살아있고 만만한 인간이 아니다.........감사합니다.,문학동네
Kury Han,꼼꼼쟁이 단어수집가~~~^^,문학동네
Mia Mamma,그림그리고 녹음도 하고 귀엽다 ㅜㅜ,문학동네
자녀교육최경선,여행의 기억과 여행법 나누어 주셔서 감사합니다.,문학동네
한도롱뇽,목소리~~♥♥♥♥♥♥,문학동네
hyun Cosmos,그곳에서의 소리를 이곳에서 들을 수 있다면.... 뭔가 소리로 이어지는 기억이 위안을 줄 것 같아요.,문학동네
조코딬,작가님 팟캐스트 듣고 또 듣고 했는데 오랜만에 새로운 이야기 들으니 너무 반갑네요. 라디오 DJ 해주셨으면 좋겠어요~🤩🗣,문학동네
권영희,팟캐스트 다삭제 돼서  슬픈 1인,문학동네
YS,"책읽는시간 다시 해주세요
ASMR로 딱인데",문학동네
bong G,영상보다가 바로 주문했어요. 벌써 기대되네요. 가끔이라도 이런 영상 한번씩 올려주시면 안될까요?,문학동네
문학동네창간호,문구를 보면 참지못하는.. ㅎㅋㅎㅋ,문학동네
BONA BAK,저도 10여년전에 샀지만 색연필 길이가 거의 그대로인 세트가 있어요 다들 원래 색연필 쓰려고 사는게 아니라 보려고 사잖아요?ㅎㅎㅎㅎㅎㅎㅎ,문학동네
나무기린,저도 얼른 여행을 떠나고 싶네요.,문학동네
Golden Bug,"이번 책 예약해서 얼마 전에 잘 받았습니다.
읽지 않고 있다가 다음 여행할 때 갖고 가서 읽으려고 해요.


팟캐스트는 언제 새 에피소드를 올려주실 건지 궁금합니다.",문학동네
전지영,5:00,문학동네
아름다운 4월다이아몬드 Diamond,아 김영하님 책 넘 잼나게 봤는데,문학동네
바다,'재밌어요'라는 말이 너무 좋아요. 꼭 보면 누군가의 취미를 분석하려하고 흠잡으려는 사람들이 있어서 흥이 떨어지는 경우가 많은데 그럴때마다 구차하게 대응할 필요없는것같아요. 내가 재밌어서 한다는데 왜. 김영하 작가님이 그냥 재밌어서 책으로 정리한다는 말씀이 너무 좋아요.,문학동네
박선미,"읽었어요! 넘좋았어요
추구의플롯인상깊었어요~~
메모하면서 읽게되더라구요~^^",문학동네
tirami SOOK,앗 영수증 얼마 전에 다 버려버렸네,문학동네
시시한 남자 [詩詩한 남자] 문학채널,잘 보고 갑니다.,문학동네
Michelle HJ Park,ㅋㅋㅋ 이 비디오의 정체는 asmr 이었던걸로. 작가님 유튜브 공식 채널 만들어 주세요.,문학동네
연이다,작가님 브이로그 기다리겠습니다!!,문학동네
권세나TV_30대엄마약대생활&책&도전라이프,"김영하작가님 팟캐스트도 아이팟시절부터 열심히 들었었는데 이제는 유튜브에서 만나뵙네요.
얼마 전 본 테드강연 be an artist로부터도 엄청 영감을 받았어요.
자전거전국일주, 국내일주, 아프리카 2년 등 다양한 여행을 했어요. 얼마 전에는 말레이시아 한달살기도 다녀왔어요. 작가님처럼 글쓰고 여행하는 삶을 소망합니다. 늘 영감주셔서 감사합니다. 책 주문해서 얼른 읽어볼게요^^",문학동네
남영,"여행가면 특별한 연주.. 등만 녹음했었는데 이 영상 보고 작년에 밴쿠버 여행 중 공원에서 마차를 탔을 때  말발굽 소리, 물소리, 새소리..등을 녹음해두었어요. 지금도 들으며 추억합니다. 
사진 뿐 아니라 추억하는 참 좋은 방법이예요...",문학동네
jen yun,드뎌 오셨어요 구독 좋아요 환영합니다,문학동네
J.CLOSET제리의 옷장,"김영하작가님의 책을 읽으면 항상 제 옆에서 얘기하시는 느낌이 들어서 좋아요. 
오늘은 진짜 얘기하시는군요. ㅎㅎ
좋습니당~",문학동네
Mia Mamma,김영하 정도면 유투브각 나오는데,문학동네
Yello Mello,작가님 책 너무 잘 읽었습니다~ 읽고 나서 이걸 보니 또 새롭네요~ 여행 가셔서 기록 하는 습관이 정말 좋은 것 같아요 정말 저도 따라하고 싶게 되네요 ㅎㅎ 이제 ASMR 까지 섭렵하시는 건가요 ㅎㅎㅎㅎ,문학동네
(주) 아트숨비기획팀,"2020 책마루 인문학 강연 대망의 첫 번째 강연!
『인문학적 성장을 위한 8개의 질문』, 『아이를 위한 하루 한 줄 인문학』 등을 집필한 
인문교육 전문가 김종원 작가가 전하는 ‘최선의 나를 위한 8가지 질문’!
6월 18일, 우리 모두 집에서 같이 인문학 강연 들어요!
https://youtu.be/AvNIuDJo3cs",문학동네
하윤정 [옥바라지],책속에서 영하중공여행이라는 단어가 가장 기억에 남아요ㅋㅋ,문학동네
강대나무,목소리 좋아요,문학동네
신윤주,"김영하작가님 책은 다 사서 읽었어요 
내용이 다양하면서도 다 빠져들게 만드는 것들이에요 
목소리도 차분하고 너무 좋아요 
마치 자연의 소리처럼 힐링이 되는 느낌!",문학동네
꽃따지,"아주 긴 시간동안 여행을 하고 온 것 같아요. 덕분에 글을 쓸 용기를 내어봅니다.
너무 감사합니다.~^^~",문학동네
gh g,"항상 멋지시네요. 처음 팬이 되었던 16년 전부터 지금까지 늘이요. 똥손이지만 저도 이제 여행 다녀오면 그림 좀 그려볼까봐요. 그리고, 팟캐스트는 잊지 말아주세요",문학동네
tarl Ca,김영하 작가님 존경합니다,문학동네
Fondary CHO,"괴테나 헤세도 그렇게 그림도 그리고 노트하는 여행습관이 있었던데...작가님들은 역시 기록을 잘하시네요. 저는 깜박깜박해서 노트를 가지고 다녀도, 십년노트가 되려는지, 펼치는 것도 잊어버리는데. 저도 습관을 가지려고 노력해야겠어요.  책도 다시 읽어주세요.",문학동네
je ti,멋지십니다. 여행과 가족에 대한 기록이 뜻깊네요.,문학동네
정유나,작가님 유튜브 목빼고 기다리고 있는 1인~~,문학동네
Yl y,14:59,문학동네
Sophie Kim,"오히려 책에는 일러스트가 들어가고, 노트에는 일러스트가 없어서 직접 그릴 수 있게 하면 좋겠어요. 작가님 그리시는거 보니까 저도 제 여행일러스트를 그리고 싶어서요.",문학동네
박개인,태블릿 어디꺼예요?,문학동네
LEE JH,"나도 내가 다녀온 여행에 대해서 쓰고싶다가 너무 마음에 남네요. 저번주에 오사카에 다녀왔는데 생전 처음 가본 일본이었지만
마음속 여운은 남는데 워낙에 사진을 담아두지 않는 성격이라..",문학동네
Lany,작가님 여행의자유 잘읽었어요. 팟캐스트도 꼭 다시 해주세요 잠들고싶어요♡,문학동네
박지연,"선생님 이번 책은 좀 ㅎ
읽다가 그만 ㅜ
저의 짧디 짧은 부족함이 빚은 중도포기",문학동네
TITIKI Lee,"여행의 목적은 저마다 다르지만, 여행의 기록, 소리, 후기등에 대한 좋은 팁스 감사합니다. 보다 체계적 여행으로 남길수 잇네요",문학동네
쏭's.,제가 책만 계속 읽고 리뷰는 안쓰는데...작가님 책은 제가 읽고 뭐에 홀린듯 리뷰까지 sns에 올렸어요.작가님  대단하신분 같아요.,문학동네
예원춤너울,"그동안 난 많은여행을 헛했구나...생각이 듭니다..ㅎ
작가님 존경스럽습니다.",문학동네
Ray Han,이거 보니 작가님 책읽는 시간 팟캐스트가 더더더 그리워요~~ 지금 몇번째 반복하고 있는지 모르겠어요.. 잊지 말고 가~~~끔이라도 짧은 거라도 ㅠ.ㅠ 올려주세요~기다릴께요 ^^,문학동네
Yenny G. Vivir sin fronteras,저도 노트랑 펜 사는거 넘 좋아해요. 해외동포는 전자책 나오기만을 기다립니다....,문학동네
성성윤,"작가님, 나 잠좀 자게 책읽는 시간 다시해주세요.",문학동네
Milena Lee,"아, 브라질을 다녀가셨군요~
이 곳 책방에서 쌤 책을 보았어요
뵈었다면 더 많은 스토리를 만들수있었을텐데요~",문학동네
후훗,여행가서 김영하 작가를 만나고싶습니다 언젠가 김영하를 만나지않을까  가까운미래에♡,문학동네
야다,"영하작가님의첫문장노트...
미리알지못해..
받을기회없어서ㅠ..
작가님팬 되었어요
감사합니다.늘응원합니다^^",문학동네
최우정,개인유튜버채널 만드셔야하는데.. ㅈ,문학동네
yh TV,불꽃놀이 뭔가 우주의 탄생같다,문학동네
June Kim,"안녕하세요

저도 초등학생때 "" 김찬삼의 새계여행"" 을  많이 본적이 있어요..  주위에 아는 사람을 본적이 없었는데.. 잠시 추억여행을 한기분이에요.. 감사합니다,",문학동네
Lastman K,목소리가 참 매력적이에요,문학동네
Seon,영상을 처음부터 끝까지 보기가 참 쉽지 않았는데 끝나는 게 아쉬운 영상이네요. 제가 걷기 운동할 때 작가님 팟캐스트를 듣는데 점차 줄어들어서 아쉬워요. 책 재밌게 보겠습니다.,문학동네
hk lee,김영하작가님 왜죠? 왜 세월이 흐를수록 더 잘생겨지시죠?,문학동네
코스모스,글도잘쓰시고 그림도 잘그리시고 목소리도 편안하시고..여행을 어떻게 해야 하는지를 안내해주시는것같아 좋습니다.  여행보다는 우루루 몰려다니는관광을 하쟎아요.🥰,문학동네
Jenny kyungeuny,"[랄랄라 하우스] 김영하, 리뷰

https://m.blog.naver.com/illiter/222064131074",문학동네
helena cho,"안녕하세요. 뉴질랜드 타향살이 6년차 작가님 팬 입니다. 잠이 오지 않는 밤, 작가님 팟캐스트를 듣다 혹시나해서 오클랜드 도서관에 검색을 해 봤습니다. 작가님 책의 여러 번역본들과 심지어 한국어 책들도 있더군요. 반가운 마음에 급히 예약 해 두었습니다. 작가님께도 반가운 소식일지도 몰라 글 남깁니다. 책 읽는 시간 팟캐스트를 네번째 정주행중입니다. 업로드 조심스럽게 부탁드려요!  감사합니다.",문학동네
인간승리,"작가님 👍🏼😻 이런 작가님 개인의 경험이나 소소하게 이야기하는 걸 많이 보거나 듣고 싶네요. 목소리도 , 말하는 방식이나 톤이나 깔끔한 구성까지 너무 좋아요.👍🏼😻✨💓진짜 유튜브 하면 조용조용하니 너무 좋을듯.. 💘",문학동네
Single Air,와와!! 신간 내셨군요,문학동네
정만효,작가님 책 읽어 주는것이  저의 수면제 얐는데 ...목소리 좋으세요.~,문학동네
고양,검은꽃,문학동네
Belle Won,여행의 이유 책을 어제 샀는데 기대하며 먼저 영상을 보게 되었네요~ 어떻게 이책을 쓰신걸까 김영하님의 여행에 대한 이야기를 들을 수 있어 좋을 것 같아요. 지금은 코로나로 여행이 너무 어려워졌는데 여행을 가고 싶어 이책을 보게 되었네요. 어머니의 가계부속 여행의 기록도 재밌네요^^ 영상 즐겁게 보고 갑니다. 감사합니다.,문학동네
김연서,김영하의 책 읽는 시간 팟캐스트 전 회차를 100씩은 들은거 같아요. 항상 기다리고 있습니다.,문학동네
솔향기,반갑습니다,문학동네
uytp hyr,"책 읽는 시간 해 주셔요
김영하 작가님이  읽어 주는
ㅡ 누구를 대체 불가
ㅡ 너무 그립습니다
ㅡ김영하 작가님  유튜브나
팟 캐스트 해 주셔요
ㅡ목소리  ㆍ 말하는  톤ㅡ 내용
너무 조아요",문학동네
산청월든,https://blog.naver.com/1001cho/221508263456   부족하지면 제 개인 블로그에도 열심히 홍보중입니다 ㅋㅋㅋ 만나는 사람마다 이야기 하고 있구요 ^^ 저를 독서의 세계로 안내해주신분이  김영하 선생님입니다. (팟캐스트를 통해 알게 되었죠^^) 좋은 유투브 동영상 만들어주신 문학동네에도 너무 너무 감사드려요 ^^,문학동네
myungsun ko,작가님 영감을 주시네요. 젊을때는 여행이 소중한 시간이라 기록에 공을 들였지만 조금 나이가 들고 나서는 조금 귀찮아져서 기록을 하지 않았는데 작가님의 여행기록법이 너무 좋고 즐거워 보여 다음달 여행에서는 저도 노트한권 만들어보려 해요~ 감사합니다~,문학동네
채희연,최애작가님~이런방가방가~유투브하시다니^^,문학동네
조성은,말씀하시는 톤이며 알찬 구성과 이 편안한 분위기가 정말 좋습니다! 이 영상 보고 바로 문학동네 구독하고 가요 ㅠㅠ,문학동네
sama guu,고양이들은 잘 있으신가요? 저랑 비슷한 시기에 같은 회색 알마캣 캣타워 쓰고 있어서 기억에 남네요. 저희 애들은 벌써 12살...여유로운 냥님들이 되었지요.,문학동네
카푸치노,책장 넘기는 소리 너무 좋네요 ㅎㅎ asmr 하시는 김에 작가님께서 쓰신 글 낭독하는 시간은 없나요?ㅎㅎ,문학동네
김홍희 채널,김영하 선생님 안녕하세요? 저는 선생님이 팟캐스트에서 소개 했던 [방랑]의 저자 김홍희 입니다. 저도 보름 전 유튜브를 시작 했습니다. 선생님 항상 감사 합니다. 언제 한 번 뵐 수 있기를 바랍니다. 항상 건강하시고 건투를 빕니다. ^^,문학동네
이정숙,"2019년 4월 24일 목요일 우와 소설가 김영하 씨인데요, 팟캣스트 이후로는, 텔레비전 종편에 <알쓸신잡>  이후로는 처음이네요!!! 90년대 후반 대학 디닐 때 노희경 은희경 그리고 김영하가... 아 아우튼 너무 반가운데요... 지금 나와 시 낭독 녹음놀이하는 어느 분의 유튜브 수신함에서 가장 반가운 영상이 바로 이것이네요. 고마워요 ^^ ♡",문학동네
Crystal Son,"저도 제 인생에 처음이자 마지막 일수도 있을 한달 여행을 떠나는데요...
이주 정도 남았는데
영상을 보면서 아~ 나도 기록을 해봐야겠다 라는 생각이 들었어요
혼자 가는거기도 하고...
예전엔 사진만 찍었었는데
제시해주신 것처럼 좀 더 다양한 방법으로 남겨봐야지 싶어요 ^^
목소리가 차분하고 넘 좋으세요
듣고 있으니 제 마음도 편안해지는 것 같네요",문학동네
Jiyoung Lee,"전 소설을 진짜 어려워 하는 사람인데 맨 처음 읽은 소설이 '살인자의 기억법'이였어요 ㅎㅎㅎ길었으면 안 읽었을거에욧..네이버 블로그https://blog.naver.com/clarify 후기 한번 봐주세요 ㅎㅎㅎ 저는 철학책들 위주로만 읽고 고리타분한 책들만 주로 좋아했는데..소설이 너무 어렵고 이해가 안가고..그러다 궁금해서 처음으로 읽은 게 김영하 소설가님 책이고 소설가들 누가 있는지 이름만 아는 정도에요...두 번째로 읽은건 채식주의자 그렇게 2개만 끝까지 읽었어요. ㅎㅎㅎ ㅠㅠㅠㅠㅠㅠ소설하고 만화책은 너무 어려워요..읽고 싶어도 못읽는...책읽는 시간인가 그거 여러개 들어봤답니다. 그나마 책보다는 오디오로 듣는게 저한테는 소설은 잘 맞는 것 같아서요. 소설을 철학책만큼 좋아하고 싶은데 철학은 재밌는데 소설은 왜 재미가 없고 어려운지 어떻게 하면 소설도 재밌게 읽을 수 있는지좀 알려주세요~~~~~블로그에 끄적거리기에 소설 못 읽는다고 다 적어놨어요.잘 읽고 싶어요. 베스트셀러가 대부분 소설들인데 읽지를 못해서...답답하네요(아참, 그리고 위대한 겟츠비 책 번역한 사람이 김영하님으로 나오는데 그 책 읽었는데 살인자의 기억법 쓰신 분과 같은 분이에요??)유튜브로 김영하님이 오디오북처럼 읽어주세요. 그렇게 듣는게 더 잘 들어와요.귀에도 마음속에도요. 소설을 좋아할 수 있게 해주세요 ㅠㅠ",문학동네
스코룸_scroom,"여행을 가게 되면 전 사진도 많이 찍게 되더라고요 ㅎㅎ 그 장소 , 시간에 따라 그림도 그려보고 싶지만 전 패키지 여행을 즐기다 보니 나중에 그려보려고 사진을 보면서 그리게 되더라고요. 작가님 처럼 사진만 찍지 말고 소리 녹음 해놓은 것도 좋다는 걸 세삼 느껴 보네요... ㅎㅎ 저도 5년(6년전?)전 부터 아무리 스마트폰 보다 종이의 느낌이 좋아서 또다시 그림이랑 다이어리 꾸미는걸 즐기게 되더라고요 ㅎㅎ 작가님 처럼 글을 쓰는 것도 더욱 더 즐기게 되면 더 깔끔하게 다이어리에 바로바로 기록해 주겠죠? ㅎㅎ 기록의 의미 참 좋은 것 같아요 .( 요즘은 종이에다가 많이 그리기도 하고 , 아이패드에 어쩌다가 그리기도 하고 주로 종이를 많이 사용을 해요 ㅎㅎ;;)",문학동네
SeoEun Kim,"안녕하세요. 궁금한 것이 있어 댓글을 남겨봅니다. 
일상을 기록할 노트를 준비하는 것으로 여행을 시작한다면, 그것은 하루를 기록하는 일기와 무엇이 다른가요. 설레임? 새로운 환경?
그저 저는... 여행과 무관한 어느 삶이던지 모험과 같다는 생각을 합니다. 매일이 지루하지만 어찌 보면 새로운 것이 특히 한국의 삶인 것 같습니다. 
그렇다면 이 여정의 기록은 어떤 것을 남겨두어야 좋을까요... 인상적인 풍경의 그림을 그리는 것은 좋은 방법인 듯 합니다. 다만, 그것을 글로 옮길 때 어떤 감정을 가지는 게 좋을까요.
작가님은 어떤 감정을 글로 보통 옮기시는가요?",문학동네
휘뚜루마뚜루,앗 저도 여행가서 찍은 사진을 그림으로 그리는 걸 즐기곤 해요. 실력은 비루하지만^^;;; 2007년부터 작가님이 내놓은 산물들을 접하며 지내다보니 감성이 닮아가나 봐요ㅎㅎㅎ,문학동네
후훗,그림을 증말 증응말 자아알  ㅋ,문학동네
김만호,지식인이 한마디 하셔야지요 작금의 사태에 대해서 ...,문학동네
조용팔,"애는~~
남의 책은 수만권 읽은거같은데
정작
지 책은 너무 시시하다,
오직 한사람 인가
오직 두사람 인가
읽고 확인해보길,ㅋㅋㅋ",문학동네
안i'm,"선생님
그럼 그런 아이를 키우면서 상처입고 마음아픈 엄마의 마음은 누가 달래주나요?
엄마도 부모도 사람인데 달래주고 사과도 하고
뭐든 다 했는데도 바뀌지 않아요
그런 아이를 보는 엄마의 마음은 누가 달래주나요?
너무 마음이 아픕니다",창비
최보금,"이걸 왜 내가 듣고 있는거야.
우리 엄마가 들어야 될 것을.",창비
오재봉,"중1병
중2병
중3병
고1병. 아직도 고2병 고3병.남았는데  무섭고 두렵다. 아들아😭.",창비
난다강,"저도 2년 걸렸어요.
ㅠㅠ
아이가 이제서야 제마음을 알고
매일 와서  안기며 웃어줘요
아이는 엄마가 바뀌면 분명 달라져요
영상 보고 위로 받고 갑니다",창비
정지현,아이를 향한 통찰.. 책 표지의 엄마처럼 깊은 생각이 필요한 것 같아요. 아이의 사춘기는 부모의 성장기이기도 하네요^^,창비
자녀교육최경선,"잔소리는 멈추고 편안하게 해주고  엄마의 진정어린 사과, 아이가 바라는 방향으로 함께 조정해보는 것 참 좋은 팁이네요~ 영상 감사히 보고 갑니다.",창비
이미숙,"참 듣는 사람이 편안하게 
정말 잘하시네요
김미경쇼에서 보고
깜짝 놀랐어요 
진작 알았더라면
아들 둘이 더 잘 자랐을거 같은데 욕심이~~",창비
기운전달!!,"다가가는 방법을 다르게 써보는 건
중요한 뽀인트 같습니다
아이마다 다르더라구요
ᆢ원하는 게 뭐냐고 물어봐 주면 될거
같아요ᆢ

큰딸 초5때 엄마가 처음이라 서툴다
미안하다
그랬더니
쏘쿨 첫째ᆢ
나도 딸이 처음이라~~
미투 ㅎㅎㅋㅋㅋ

요즘 애덜 당해낼 재간이 읍다
걍ᆢ무조건 물어봅니다
해줄 수 있는건 도와주고ᆢ
아니면ᆢ 냉정하게 노우~~
사춘기는 얼마든지 시행착오 할수있는 시간이고
엄마는 멀리서 지켜봐야하는 시기이죠
때론 냉정하리만큼이요

그래도 시행착오 시간을 줄이고 싶다면ᆢ
그저 물어봅니다",창비
MinJi Kim,"부모의 노력, 사실 노력을 해야한다는 걸 알지만 쉽게 되지 않는 것 같아요! 
그렇기에 매일매일 부단히 마음을 다잡고 행동으로 실천해야 하는 것..! 
너무너무 궁금한 책입니다!",창비
늘행운,우리딸도 고1 드가는데 초6부터 시작해서 지금까지 넘 힘듭니다 ㅜㅜ 조금 나아진거는 같지만 아직도 넘 힘드네요,창비
댄댄댄쓰,감사합니다! 유읻한 이야기 마음이 와닿는 귀한 이야기 고맙습니다. ^^,창비
댕댕이듀오,"또 배우고 갑니다 감사합니다
알면서도 행동하지못할때 아차  싶습니다
사과하며 더  노력하고싶습니다",창비
개미스토리,엄마와아이는같이큰다 김미경강사좋은말,창비
박수영,아이가 속상해할때 같이 공감해주고 기뻐할때 엄마가 더 기뻐해주고 칭찬해주고 좌절할때 위로하고 용기를 주는것이 우리 부모의 어른들의 몫이라고 싱각됩니다~아이들은 자신들을 이해해준다고 생각될때 마음을 여는것 같아요~너무나 차분하고 공감가는 말씀 감사드립니다 ~^^,창비
해밀,"제가 어렸을 때 마음과 다르게      말은 거칠고 행동은 공격적이었어요.  그때는 내가 왜 이러는지? 어느 누가 내 마음을 알아주고 다독거려 주었으면 좋겠다고 생각했어요 그런 제가 자식을 낳고는 키우면서 고비가 있었어요 그래서 책으로 공부도 하고 부모 교육을 받고    많이 느꼈어요. 그러면서 나의 어릴때  모습도 그려지고 내가 아이한테 잘 못했던것도 생각이 나면서 반성을 많이 했어요 지금 저희 아이들도 10대이긴 한데 오히려 그 어릴때보다 덜 힘들고 관계가 좋아진거 같아요 느낀건 내가 자랄 때 받았던 부모의 양육 방식이 좋지 않으면 그 방법으로내 아이를 키우면 안 
된다는 거에요 부모가 깨우치고 노력하는 마음이 중요하다는 생각을 지금 영상보며 느끼고 배우고 갑니다",창비
박지숙,"돌아오면
잔소리 멈추고 돌아와 줘서 고맙다
엄마의 사과
3~4학년이 넘어가면 교과 과목이 어러워짐
엄마가 어떻게 도와 줄까?

고맙습니다~^^",창비
안쥬와친구들,저희 부모님이 사과를 잘안하셨어요 그게 항상 맘속에 응어리였던지 .. 저는 사과를 너무 잘하는 사람이 되었습니다ㅋㅋㅋㅋㅋㅋㅋ 지금 딸한테도 좀만 잘못하면 사과봇이됩니다 그랬더니 딸도 사과봇ㅋㅋㅋㅋㅋㅋㅋㅋㅋㅋ 오히려 다행인거네요 ㅎㅎ,창비
Agent 찐찐's,저도 큰애가 중2인데  어떻게 대할지 몰라서 난감해요..잘 보고갑니다.,창비
Sue Lee,"내 아이를 키우는데 이런저런 방법 들어도 그때뿐리예요.. 작심 3주.. 
부모님 자신이 바뀌어야죠. 
아이가 그렇게 반응하면 그건 분명 엄마아빠한테 문제가 있는거죠.. 
그리고 아빠의 역할이 정말 중요해요.. 
행복한 집에서는 아이가 잘못될수없죠.. 
그리고 진심으로 내 아이를 위하는게 뭔지 고민해야 하고요..",창비
Eunice Hi,"페미스트는 아니지만 엄마랑 아빠, 부모님 나아가서 자주 접하는 일가친척들도 함께 같이 존중해야 할 것 같아요.",창비
이금숙 올리브67,저도 큰아들 대1때 진심으로 사과하고 우울증과 대인기피증 이었던 아들이 조금씩 변하고 있어요,창비
Moony,명령말고 대화를 하면 됌.,창비
별을품다TV,"저도 김미경   tv에서 알게 되었어요.
첫째아이와 오늘 갈등이 있었는데, 영상보고 적용해보려구요. 책도 읽어볼께요. 감사합니다.",창비
김경희,"저~엉말 아이의 중2병에 힘들었던 1인입니다.저도 잔소리도 하고 나무라기도 하고 울기도 많이 울었습니다.그러나 단한지! 놓칠 수 없었던 건 '아들'이었습니다.아들도 아프다고 몸부림치고 있었던 것이니까요...그 모습이 더 아팠습니다.제가 할 수 있는 건 '기다림'뿐이었습니다.어느 날 아이에게 팔찌를 하나 선물했습니다. 'I believe in tou'이라고 각인을 한...거짓말처럼 딱! 1년뒤 돌아왔습니다.원래의 모습으로 돌아와서 아이가 말했습니다.흔들릴 때마다 팔찌를 봤다고... 팔찌는 본인에게 수호신과 같다고...울먹이며 고맙다고 말하는 나를 아이가 안아 주며 말합니다.""괜찮다. 이제 안그럴께""",창비
공부나해라,엄마가 볼껄 왜 내가 보고있는거여,창비
Hyun-min Kum,"진짜 중2병은 학원도 안다니고 공부도 아예 안해요... 가끔 티비에서 아이 때문에 스트레스 받는 부모들이 나와서 하소연하는데 제 동생에 비하면 선비에요. 적어도 제 동생처럼 학교는 툭하면 빠지고 부모한테 대들고 성적은 개판이고 몰래 담배 피우고.. 이런 아이들을 대상으로 상담도 하시고 변화된 모습을 보여줄 수 없나요? 
뭔가 도움이 될 만한 내용일까 기대를 했는데 좀 허무하네요.. 저 아이의 행동은 대학생들도 하는  행동이에요..",창비
jung hwang,늘 아이 어렸을 때를 생각하며 훈육  방법에 대해 후회하지만 현재가 또 다른 과거가 될 수 있는데 잘못을 반복하고 있는 제 자신이 너무 원망스럽습니다 정말 어찌하면 아이를 바르게 끼울 수 있을까요?,창비
히도,제발 아빠랑엄마가 봤으면 엄마는 그렇다치고 아빠라도 제발....,창비
뚱이사랑,"저는 중2병, 사춘기를 표현 할 수 있는 환경이 아니였어요. 제 방도 없었고 혼자서 삭힐  수 밖에 없었어요. 아무도 몰라주고 표현도 못 했던 시절 생각에 눈물이 나네요..
이런 내가 아들의 사춘기를 난 잘 받아 줄 수 있을까요?",창비
초보고기장사진홍,"당신은 상담사라서 그렇게 말하겠지만 썩어들어가는 부모는 모두 상담사가 아니다.
시간 흘러가다보면 돌아온다는 말은 참 허무하게 들린다.",창비
MA A,"그냥 약한 아이 인거 같은대....
간단히 말해서 멘탈이 약한거고 케어를 어떻게 해주냐에 따라서 달라지는 거네요",창비
ᄋᄋ,사과하면뭐해 행동이 안바뀌는데,창비
바람따라,"어이구 그런게 중2병이면 업고 다니겟네요
저희집은 학교도 안가고 방에서 꼼짝을 안해요
시간이란 계념이 없어요
밥먹는 시간도 따로없고 거기다 편식에 무슨
말만하면 욕하고 소리지르고 인터넷으로 물건
싸질러 폭탄요금 나오게 만들고 자기방은 들어오지도 못하게하고 엉망이고..안좋은건 종합세트로 하고잇으니깐요. 집나고 싶은사람은 딱
접니다",창비
마음가는대로,학원 숙제 힘들어하는 아이한테 딴애들 다 하는데 왜 그러냐 ㅜㅜ 제가 그랬네요ㅠㅠ,창비
박경아,"공부하면서 짜증내길래
그러면 좀 쉬었다하라고 했는데
그말조차 (내 목소리조차) 듣기싫어하더라구요
걍 내버려두래요
주먹으로 쇼파 치고 책 찢고 욕하고 하는걸 누가 그냥 보고만 있을수 있나요?",창비
dotorooo oioi,"저자님을 통해 알게 된 시진이. 달리지고 싶은 마음을 마주하고 있으니 마음이 아릿해집니다. 시진이의 마음을 열게 해준 것이 바로 엄마의 사과라는 말에 고개를 끄덕이게 됩니다. 
흔히들 말하는 중2병. 그래서 아이가 달라져도 으레 그러려니 하고 넘어가게 되는 것 같아요. 그렇게 하면 저절로 나아지리라는 무심함으로....... 반면 그럴수록 아이의 마음을 들여다봐야 한다는 생각입니다. 이렇게 아이의 방문을 열기전에, 아이의 마음을 열기 위해 조금만, 한 템포만 늦춰 아이의 자리에 서서 생각해본다면, 아이와 맞는 대화법으로 말을 건넨다면 분명 좋은 결과가 있으리라 생각합니다. 청소년과의 특별한 5단계 대화법을 차근차근 따라함으로써 아이의 환한 웃음을 마주할 수 있기를.....",창비
TheMusicmalife,"참 이상하다. 사춘기라는 거는 누구나 겪는 거고 그것을 '변화'의 대상으로 보기 보다는 '한 때 머물다 지나가는 것'으로 보는 봐야할텐데, 그것마저도 정상성에 범주를 이탈한 변화의 대상으로 보니..안타깝다.
정신 좀 차렸으면 좋겠다. 관계에도 계절이 있음을 받아 들였으면 한다. 계절의 끝이 없듯이, 겨울은 계절의 끝이 아님을 알았으면 좋겠다.
또한, 자녀의 문제를 '사춘기'라는 범주에 넣으면서 오히려 문제를 축소시키며, 나아가 왜곡하는 우를 범하지 마시길. 문제는 밖에 있다는 것을 알았으면 좋겠다. 사춘기는 '변화의 대상'이 아니며, 겨울은 '비정상'이 아니듯이, 모든 계절은 정답이며, 모든 계절은 자신의 계절을 극복할 힘이 내재돼 있다는 것을 아셨으면 좋겠다. 또한 믿으셨으면 좋겠다. 그렇지 않다면 양육자는 끊임없이 불안해 할테고, 그 불안함을 '사춘기'라는 소위 '당신만의 비정상'에 투사시키면서 양육자와 피양육자 서로를 파괴할 것이다  그것은 사랑이 아니다. 사랑은 믿음이다. 그렇기에 힘들다.",창비
